issue_id,repo_name,unique_id,title,created_at
26292,matplotlib/matplotlib,matplotlib/matplotlib#26292,[Bug]: macOS backend run by non-logged-in user crashes in Ventura,2023-07-12T05:15:08+00:00
23548,matplotlib/matplotlib,matplotlib/matplotlib#23548,Create fully pinned requirements file for bug-fix branches,2022-08-03T21:57:18+00:00
22803,matplotlib/matplotlib,matplotlib/matplotlib#22803,[Bug]: Large file size when using fill_between(),2022-04-08T15:05:54+00:00
20355,matplotlib/matplotlib,matplotlib/matplotlib#20355,PowerNorm should have a scale...,2021-06-03T14:54:41+00:00
20243,matplotlib/matplotlib,matplotlib/matplotlib#20243,matplotlib eventplot not shows all the binary data for big number of events,2021-05-16T20:38:34+00:00
18305,matplotlib/matplotlib,matplotlib/matplotlib#18305,Support simple axes shares in subplot_mosaic,2020-08-20T09:50:46+00:00
18050,matplotlib/matplotlib,matplotlib/matplotlib#18050,WXCairo backend not rendering nicely on retina,2020-07-24T15:09:10+00:00
17775,matplotlib/matplotlib,matplotlib/matplotlib#17775,clone more legend settings when regenerating in Qt figure options dialog,2020-06-27T00:09:01+00:00
17479,matplotlib/matplotlib,matplotlib/matplotlib#17479,Add thumbnails for tutorials/gallery where missing,2020-05-21T21:50:20+00:00
17402,matplotlib/matplotlib,matplotlib/matplotlib#17402,SymLog scale has too few ticks,2020-05-13T19:26:05+00:00
11797,matplotlib/matplotlib,matplotlib/matplotlib#11797,About linestyles: tuple not accepted in rc param file and other inconsistencies,2018-07-29T22:06:50+00:00
11109,matplotlib/matplotlib,matplotlib/matplotlib#11109,ENH: Add legend toggle to figure options dialog box,2018-04-23T12:04:59+00:00
8422,matplotlib/matplotlib,matplotlib/matplotlib#8422,plt.pcolormesh shape mismatch when shading='gouraud',2017-04-03T22:02:26+00:00
6724,matplotlib/matplotlib,matplotlib/matplotlib#6724,Inconsistent behavior of backends when rendering latex colors,2016-07-11T19:43:03+00:00
5806,huggingface/datasets,huggingface/datasets#5806,Return the name of the currently loaded file in the load_dataset function.,2023-04-28T13:50:15+00:00
5354,huggingface/datasets,huggingface/datasets#5354,"Consider using ""Sequence"" instead of ""List""",2022-12-12T15:39:45+00:00
4709,huggingface/datasets,huggingface/datasets#4709,WMT21 & WMT22,2022-07-18T21:05:33+00:00
31924,helm/helm,helm/helm#31924,htpasswd function does not expose algorithm parameter,2026-03-11T19:51:34+00:00
30787,helm/helm,helm/helm#30787,Display oci annotations or created date if annotation exists in helm show chart command,2025-04-22T19:28:16+00:00
11484,helm/helm,helm/helm#11484,broken naming/rendering of aliased subcharts,2022-10-28T19:15:21+00:00
11463,helm/helm,helm/helm#11463,Shared action configs changed if install action runs with ClientOnly flagged,2022-10-22T06:20:44+00:00
11310,helm/helm,helm/helm#11310,"Helm supports unix style path in HELM_PLUGINS for loading, but fails when installing new plugins",2022-09-08T16:01:46+00:00
11118,helm/helm,helm/helm#11118,"Unclear error about ""table"" destination",2022-07-06T18:01:53+00:00
10537,helm/helm,helm/helm#10537,helm lint misses bad chart names,2022-01-10T20:53:26+00:00
7997,helm/helm,helm/helm#7997,"Errors on ""helm list"" AND ""helm install""",2020-04-25T18:05:37+00:00
